afis_materii,21/05/2022 10:46:44
afis_materie,21/05/2022 10:46:46
adauga_persoana,21/05/2022 10:47:03
afis_materii,21/05/2022 10:51:51
adauga_student_materie,21/05/2022 10:51:57
adauga_student_materie,21/05/2022 10:52:15
afis_materie,21/05/2022 10:52:49
sterge_persoana,21/05/2022 10:53:26
sterge_persoana,21/05/2022 10:53:40
afis_materie,21/05/2022 10:53:50
afis_persoane,21/05/2022 10:54:08
adauga_student_materie,21/05/2022 10:54:16
adauga_nota_student,21/05/2022 10:54:22
afis_materie,21/05/2022 10:54:28
modifica_nota_student,21/05/2022 10:54:45
afis_materie,21/05/2022 10:54:56
afis_materie,21/05/2022 10:55:00
afis_persoane,21/05/2022 10:55:28
modifica_profesor_materie,21/05/2022 10:55:37
afis_materie,21/05/2022 10:55:43
modifica_profesor_materie,21/05/2022 10:55:50
modifica_profesor_materie,21/05/2022 10:55:54
afis_materii,21/05/2022 10:56:02
modifica_nota_student,21/05/2022 10:58:42
modifica_nota_student,21/05/2022 10:58:47
modifica_nota_student,21/05/2022 10:58:49
adauga_persoana,21/05/2022 10:58:58
afis_materii,21/05/2022 11:05:22
sterge_materie,21/05/2022 11:05:33
adauga_materie,21/05/2022 11:05:37
afis_materii,21/05/2022 11:05:51
sterge_materie,21/05/2022 11:06:55
sterge_materie,21/05/2022 11:06:59
adauga_materie,21/05/2022 11:07:06
afis_materii,21/05/2022 11:07:23
sterge_materie,21/05/2022 11:07:26
adauga_materie,21/05/2022 11:07:31
afis_materii,21/05/2022 11:07:41
afis_persoane,21/05/2022 11:07:50
modifica_profesor_materie,21/05/2022 11:07:55
afis_materii,21/05/2022 11:08:00
